Rk,Name,Age,Tm,Lg,W,L,W-L%,ERA,G,GS▼,GF,CG,SHO,SV,IP,H,R,ER,HR,BB,IBB,SO,HBP,BK,WP,BF,ERA+,FIP,WHIP,H9,HR9,BB9,SO9,SO/W
1,Sandy Alcantara,25,MIA,NL,9,15,0.375,3.19,33,33,0,1,0,0,205.2,171,85,73,21,50,2,201,10,1,6,837,131,3.42,1.075,7.5,0.9,2.2,8.8,4.02
2,Walker Buehler,26,LAD,NL,16,4,0.8,2.47,33,33,0,0,0,0,207.2,149,61,57,19,52,2,212,6,0,5,815,165,3.16,0.968,6.5,0.8,2.3,9.2,4.08
3,Luis Castillo,28,CIN,NL,8,16,0.333,3.98,33,33,0,0,0,0,187.2,181,94,83,19,75,4,192,7,1,1,803,120,3.75,1.364,8.7,0.9,3.6,9.2,2.56
4,Kevin Gausman,30,SFG,NL,14,6,0.7,2.81,33,33,0,0,0,0,192,150,66,60,20,50,1,227,4,0,7,775,145,3,1.042,7,0.9,2.3,10.6,4.54
5,Tyler Mahle,26,CIN,NL,13,6,0.684,3.75,33,33,0,0,0,0,180,158,78,75,24,64,0,210,10,0,4,759,127,3.8,1.233,7.9,1.2,3.2,10.5,3.28
6,Charlie Morton,37,ATL,NL,14,6,0.7,3.34,33,33,0,0,0,0,185.2,136,77,69,16,58,1,216,17,0,5,756,132,3.18,1.045,6.6,0.8,2.8,10.5,3.72
7,Marcus Stroman,30,NYM,NL,10,13,0.435,3.02,33,33,0,0,0,0,179,161,70,60,17,44,2,158,7,0,7,730,134,3.49,1.145,8.1,0.9,2.2,7.9,3.59
8,Jose Berrios,27,TOT,AL,12,9,0.571,3.52,32,32,0,1,0,0,192,159,83,75,22,45,0,204,15,0,3,781,123,3.47,1.063,7.5,1,2.1,9.6,4.53
9,Dylan Cease,25,CHW,AL,13,7,0.65,3.91,32,32,0,1,1,0,165.2,139,77,72,20,68,0,226,9,2,13,708,110,3.41,1.249,7.6,1.1,3.7,12.3,3.32
10,Zach Davies,28,CHC,NL,6,12,0.333,5.78,32,32,0,0,0,0,148,162,99,95,25,75,2,114,5,0,0,668,74,5.45,1.601,9.9,1.5,4.6,6.9,1.52
11,Nathan Eovaldi,31,BOS,AL,11,9,0.55,3.75,32,32,0,0,0,0,182.1,182,81,76,15,35,2,195,7,0,6,764,126,2.79,1.19,9,0.7,1.7,9.6,5.57
12,Kyle Hendricks,31,CHC,NL,14,7,0.667,4.77,32,32,0,1,0,0,181,200,101,96,31,44,3,131,13,0,2,785,89,4.89,1.348,9.9,1.5,2.2,6.5,2.98
13,Cole Irvin*,27,OAK,AL,10,15,0.4,4.24,32,32,0,0,0,0,178.1,195,94,84,23,42,0,125,9,0,3,768,95,4.3,1.329,9.8,1.2,2.1,6.3,2.98
14,Sean Manaea*,29,OAK,AL,11,10,0.524,3.91,32,32,0,2,2,0,179.1,179,79,78,25,41,0,194,9,1,5,754,103,3.66,1.227,9,1.3,2.1,9.7,4.73
15,German Marquez,26,COL,NL,12,11,0.522,4.4,32,32,0,3,1,0,180,165,92,88,21,64,5,176,4,0,15,756,106,3.86,1.272,8.3,1.1,3.2,8.8,2.75
16,Frankie Montas,28,OAK,AL,13,9,0.591,3.37,32,32,0,0,0,0,187,164,79,70,20,57,1,207,7,0,11,778,120,3.37,1.182,7.9,1,2.7,10,3.63
17,Aaron Nola,28,PHI,NL,9,9,0.5,4.63,32,32,0,1,1,0,180.2,165,95,93,26,39,1,223,9,1,0,749,90,3.37,1.129,8.2,1.3,1.9,11.1,5.72
18,Robbie Ray*,29,TOR,AL,13,7,0.65,2.84,32,32,0,0,0,0,193.1,150,62,61,33,52,0,248,4,0,5,773,157,3.69,1.045,7,1.5,2.4,11.5,4.77
19,Julio Urias*,24,LAD,NL,20,3,0.87,2.96,32,32,0,0,0,0,185.2,151,67,61,19,38,3,195,7,1,2,745,138,3.13,1.018,7.3,0.9,1.8,9.5,5.13
20,Adam Wainwright,39,STL,NL,17,7,0.708,3.05,32,32,0,3,1,0,206.1,168,72,70,21,50,3,174,9,1,4,828,127,3.66,1.057,7.3,0.9,2.2,7.6,3.48
21,Zack Wheeler,31,PHI,NL,14,10,0.583,2.78,32,32,0,3,2,0,213.1,169,72,66,16,46,1,247,8,0,6,849,150,2.59,1.008,7.1,0.7,1.9,10.4,5.37
22,Tyler Anderson*,31,TOT,MLB,7,11,0.389,4.53,31,31,0,0,0,0,167,170,87,84,27,38,2,134,1,1,1,703,93,4.37,1.246,9.2,1.5,2,7.2,3.53
23,Patrick Corbin*,31,WSN,NL,9,16,0.36,5.82,31,31,0,0,0,0,171.2,192,114,111,37,60,2,143,3,0,0,751,69,5.41,1.468,10.1,1.9,3.1,7.5,2.38
24,Anthony DeSclafani,31,SFG,NL,13,7,0.65,3.17,31,31,0,2,2,0,167.2,141,61,59,19,42,1,152,2,0,7,676,129,3.62,1.091,7.6,1,2.3,8.2,3.62
25,Chris Flexen,26,SEA,AL,14,6,0.7,3.61,31,31,0,0,0,0,179.2,185,74,72,19,40,0,125,4,0,2,741,117,3.89,1.252,9.3,1,2,6.3,3.13
26,Lucas Giolito,26,CHW,AL,11,9,0.55,3.53,31,31,0,1,0,0,178.2,145,74,70,27,52,1,201,2,0,12,720,122,3.79,1.103,7.3,1.4,2.6,10.1,3.87
27,Rich Hill*,41,TOT,MLB,7,8,0.467,3.86,32,31,0,0,0,0,158.2,137,70,68,21,55,0,150,16,1,3,661,104,4.34,1.21,7.8,1.2,3.1,8.5,2.73
28,Joe Musgrove,28,SDP,NL,11,9,0.55,3.18,32,31,1,2,2,0,181.1,142,68,64,22,54,3,203,18,0,3,748,122,3.7,1.081,7,1.1,2.7,10.1,3.76
29,Eduardo Rodriguez*,28,BOS,AL,13,8,0.619,4.74,32,31,0,0,0,0,157.2,172,87,83,19,47,0,185,2,1,0,675,100,3.32,1.389,9.8,1.1,2.7,10.6,3.94
30,Hyun Jin Ryu*,34,TOR,AL,14,10,0.583,4.37,31,31,0,1,1,0,169,170,85,82,24,37,0,143,2,0,2,701,102,4.02,1.225,9.1,1.3,2,7.6,3.86
31,Gerrit Cole,30,NYY,AL,16,8,0.667,3.23,30,30,0,2,1,0,181.1,151,69,65,24,41,0,243,2,1,5,726,133,2.92,1.059,7.5,1.2,2,12.1,5.93
32,Yu Darvish,34,SDP,NL,8,11,0.421,4.22,30,30,0,0,0,0,166.1,138,81,78,28,44,1,199,8,0,9,681,92,3.9,1.094,7.5,1.5,2.4,10.8,4.52
33,Kyle Gibson,33,TOT,MLB,10,9,0.526,3.71,31,30,0,0,0,0,182,158,78,75,17,64,2,155,8,1,2,754,116,3.87,1.22,7.8,0.8,3.2,7.7,2.42
34,J.A. Happ*,38,TOT,MLB,10,8,0.556,5.79,30,30,0,0,0,0,152.1,177,100,98,30,48,0,122,3,0,4,671,71,5.13,1.477,10.5,1.8,2.8,7.2,2.54
35,Dallas Keuchel*,33,CHW,AL,9,9,0.5,5.28,32,30,0,0,0,0,162,189,105,95,25,59,1,95,7,0,5,720,81,5.23,1.531,10.5,1.4,3.3,5.3,1.61
36,Jordan Lyles,30,TEX,AL,10,13,0.435,5.15,32,30,1,0,0,0,180,194,104,103,38,56,0,146,7,0,9,769,85,5.34,1.389,9.7,1.9,2.8,7.3,2.61
37,Casey Mize,24,DET,AL,7,9,0.438,3.71,30,30,0,1,0,0,150.1,130,64,62,24,41,0,118,11,0,7,612,117,4.71,1.137,7.8,1.4,2.5,7.1,2.88
38,Jordan Montgomery*,28,NYY,AL,6,7,0.462,3.83,30,30,0,0,0,0,157.1,150,73,67,19,51,0,162,2,1,12,661,112,3.69,1.278,8.6,1.1,2.9,9.3,3.18
39,Nick Pivetta,28,BOS,AL,9,8,0.529,4.53,31,30,1,0,0,1,155,137,80,78,24,65,2,175,5,0,9,661,104,4.28,1.303,8,1.4,3.8,10.2,2.69
40,Max Scherzer,36,TOT,NL,15,4,0.789,2.46,30,30,0,1,0,0,179.1,119,53,49,23,36,0,236,10,0,2,693,164,2.97,0.864,6,1.2,1.8,11.8,6.56
41,Brandon Woodruff,28,MIL,NL,9,10,0.474,2.56,30,30,0,0,0,0,179.1,130,54,51,18,43,0,211,7,0,2,708,165,2.96,0.965,6.5,0.9,2.2,10.6,4.91
42,Jon Gray,29,COL,NL,8,12,0.4,4.59,29,29,0,0,0,0,149,140,83,76,21,58,2,157,8,0,7,644,102,4.22,1.329,8.5,1.3,3.5,9.5,2.71
43,Zack Greinke,37,HOU,AL,11,6,0.647,4.16,30,29,0,1,0,0,171,164,82,79,30,36,0,120,2,0,3,697,103,4.71,1.17,8.6,1.6,1.9,6.3,3.33
44,Yusei Kikuchi*,30,SEA,AL,7,9,0.438,4.41,29,29,0,0,0,0,157,145,82,77,27,62,0,163,5,0,6,666,95,4.61,1.318,8.3,1.5,3.6,9.3,2.63
45,Steven Matz*,30,TOR,AL,14,7,0.667,3.82,29,29,0,0,0,0,150.2,158,70,64,18,43,0,144,6,1,5,647,117,3.79,1.334,9.4,1.1,2.6,8.6,3.35
46,Tarik Skubal*,24,DET,AL,8,12,0.4,4.34,31,29,1,0,0,0,149.1,141,76,72,35,47,0,164,6,0,4,634,100,5.09,1.259,8.5,2.1,2.8,9.9,3.49
47,Jameson Taillon,29,NYY,AL,8,6,0.571,4.3,29,29,0,0,0,0,144.1,130,73,69,24,44,1,140,6,0,4,603,100,4.43,1.206,8.1,1.5,2.7,8.7,3.18
48,Taijuan Walker,28,NYM,NL,7,11,0.389,4.47,30,29,0,0,0,0,159,133,84,79,26,55,0,146,4,0,5,654,91,4.57,1.182,7.5,1.5,3.1,8.3,2.65
49,Corbin Burnes,26,MIL,NL,11,5,0.688,2.43,28,28,0,0,0,0,167,123,47,45,7,34,0,234,6,0,5,657,174,1.63,0.94,6.6,0.4,1.8,12.6,6.88
50,Max Fried*,27,ATL,NL,14,7,0.667,3.04,28,28,0,2,2,0,165.2,139,61,56,15,41,0,158,7,0,7,667,145,3.31,1.087,7.6,0.8,2.2,8.6,3.85
51,Luis Garcia,24,HOU,AL,11,8,0.579,3.48,30,28,1,0,0,0,155.1,133,62,60,19,50,1,167,3,1,9,633,123,3.63,1.178,7.7,1.1,2.9,9.7,3.34
52,Matt Harvey,32,BAL,AL,6,14,0.3,6.27,28,28,0,0,0,0,127.2,160,96,89,19,37,1,95,5,0,3,582,73,4.6,1.543,11.3,1.3,2.6,6.7,2.57
53,Jon Lester*,37,TOT,NL,7,6,0.538,4.71,28,28,0,0,0,0,141.1,159,84,74,25,55,5,91,3,0,0,627,84,5.41,1.514,10.1,1.6,3.5,5.8,1.65
54,Lance Lynn,34,CHW,AL,11,6,0.647,2.69,28,28,0,1,1,0,157,123,52,47,18,45,2,176,2,0,5,641,159,3.32,1.07,7.1,1,2.6,10.1,3.91
55,Lance McCullers Jr.,27,HOU,AL,13,5,0.722,3.16,28,28,0,0,0,0,162.1,122,59,57,13,76,0,185,10,0,7,684,136,3.52,1.22,6.8,0.7,4.2,10.3,2.43
56,Wade Miley*,34,CIN,NL,12,7,0.632,3.37,28,28,0,1,1,0,163,166,64,61,17,50,0,125,3,0,2,690,141,3.97,1.325,9.2,0.9,2.8,6.9,2.5
57,Mike Minor*,33,KCR,AL,8,12,0.4,5.05,28,28,0,0,0,0,158.2,156,92,89,26,41,0,149,5,0,4,669,90,4.29,1.242,8.8,1.5,2.3,8.5,3.63
58,Antonio Senzatela,26,COL,NL,4,10,0.286,4.42,28,28,0,0,0,0,156.2,178,84,77,12,32,1,105,9,2,4,670,106,3.61,1.34,10.2,0.7,1.8,6,3.28
59,Chris Bassitt,32,OAK,AL,12,4,0.75,3.15,27,27,0,1,1,0,157.1,127,55,55,15,39,1,159,11,1,5,637,128,3.34,1.055,7.3,0.9,2.2,9.1,4.08
60,Erick Fedde,28,WSN,NL,7,9,0.438,5.47,29,27,1,0,0,0,133.1,144,90,81,23,48,6,128,4,1,1,590,73,4.66,1.44,9.7,1.6,3.2,8.6,2.67
61,Merrill Kelly,32,ARI,NL,7,11,0.389,4.44,27,27,0,0,0,0,158,163,82,78,21,41,3,130,4,0,2,667,96,4.11,1.291,9.3,1.2,2.3,7.4,3.17
62,Freddy Peralta,25,MIL,NL,10,5,0.667,2.81,28,27,0,1,0,0,144.1,84,47,45,14,56,1,195,11,0,4,580,150,3.12,0.97,5.2,0.9,3.5,12.2,3.48
63,Brady Singer,24,KCR,AL,5,10,0.333,4.91,27,27,0,1,0,0,128.1,146,81,70,14,53,1,131,11,1,3,586,93,4.04,1.551,10.2,1,3.7,9.2,2.47
64,Blake Snell*,28,SDP,NL,7,6,0.538,4.2,27,27,0,0,0,0,128.2,101,61,60,16,69,1,170,3,1,7,550,92,3.82,1.321,7.1,1.1,4.8,11.9,2.46
65,Madison Bumgarner*,31,ARI,NL,7,10,0.412,4.67,26,26,0,1,1,0,146.1,134,82,76,24,39,2,124,11,1,2,613,91,4.63,1.182,8.2,1.5,2.4,7.6,3.18
66,Sonny Gray,31,CIN,NL,7,9,0.438,4.19,26,26,0,0,0,0,135.1,115,67,63,19,50,1,155,8,0,9,575,114,3.99,1.219,7.6,1.3,3.3,10.3,3.1
67,Adrian Houser,28,MIL,NL,10,6,0.625,3.22,28,26,0,1,1,0,142.1,118,61,51,12,64,0,105,9,1,9,599,131,4.33,1.279,7.5,0.8,4,6.6,1.64
68,Brad Keller,25,KCR,AL,8,12,0.4,5.39,26,26,0,0,0,0,133.2,158,89,80,18,64,1,120,7,0,5,613,85,4.72,1.661,10.6,1.2,4.3,8.1,1.88
69,John Means*,28,BAL,AL,6,9,0.4,3.62,26,26,0,1,1,0,146.2,125,64,59,30,26,0,134,4,0,3,590,126,4.62,1.03,7.7,1.8,1.6,8.2,5.15
70,Logan Webb,24,SFG,NL,11,3,0.786,3.03,27,26,0,0,0,0,148.1,128,53,50,9,36,0,158,8,0,2,596,135,2.72,1.106,7.8,0.5,2.2,9.6,4.39
71,Alex Wood*,30,SFG,NL,10,4,0.714,3.83,26,26,0,0,0,0,138.2,125,63,59,14,39,1,152,16,0,7,585,107,3.48,1.183,8.1,0.9,2.5,9.9,3.9
72,Wil Crowe,26,PIT,NL,4,8,0.333,5.48,26,25,0,0,0,0,116.2,126,75,71,25,57,1,111,6,1,3,524,77,5.67,1.569,9.7,1.9,4.4,8.6,1.95
73,Dane Dunning,26,TEX,AL,5,10,0.333,4.51,27,25,0,0,0,0,117.2,126,61,59,13,43,0,114,7,0,8,511,97,3.94,1.436,9.6,1,3.3,8.7,2.65
74,Marco Gonzales*,29,SEA,AL,10,6,0.625,3.96,25,25,0,1,0,0,143.1,125,64,63,29,42,3,108,5,0,1,585,106,5.28,1.165,7.8,1.8,2.6,6.8,2.57
75,Jorge Lopez,28,BAL,AL,3,14,0.176,6.07,33,25,2,0,0,0,121.2,142,83,82,21,56,2,112,10,2,9,555,75,5.2,1.627,10.5,1.6,4.1,8.3,2
76,Shane McClanahan*,24,TBR,AL,10,6,0.625,3.43,25,25,0,0,0,0,123.1,120,49,47,14,37,0,141,2,0,9,517,116,3.31,1.273,8.8,1,2.7,10.3,3.81
77,Zach Plesac,26,CLE,AL,10,6,0.625,4.67,25,25,0,0,0,0,142.2,137,79,74,23,34,1,100,7,1,5,598,93,4.73,1.199,8.6,1.5,2.1,6.3,2.94
78,Trevor Rogers*,23,MIA,NL,7,8,0.467,2.64,25,25,0,0,0,0,133,107,46,39,6,46,2,157,5,1,4,550,158,2.55,1.15,7.2,0.4,3.1,10.6,3.41
79,Brett Anderson*,33,MIL,NL,4,9,0.308,4.22,24,24,0,0,0,0,96,102,52,45,11,28,0,58,2,2,0,409,100,4.39,1.354,9.6,1,2.6,5.4,2.07
80,Ian Anderson,23,ATL,NL,9,5,0.643,3.58,24,24,0,0,0,0,128.1,105,51,51,16,53,2,124,1,0,7,535,124,4.12,1.231,7.4,1.1,3.7,8.7,2.34
81,Jake Arrieta,35,TOT,NL,5,14,0.263,7.39,24,24,0,0,0,0,98.2,131,91,81,24,44,3,83,6,0,3,469,57,6.17,1.774,11.9,2.2,4,7.6,1.89
82,JT Brubaker,27,PIT,NL,5,13,0.278,5.36,24,24,0,0,0,0,124.1,123,75,74,28,38,1,129,9,1,3,538,79,5.16,1.295,8.9,2,2.8,9.3,3.39
83,Mike Foltynewicz,29,TEX,AL,2,12,0.143,5.44,28,24,0,0,0,0,139,139,86,84,35,36,0,97,9,0,2,586,81,6.02,1.259,9,2.3,2.3,6.3,2.69
84,Logan Gilbert,24,SEA,AL,6,5,0.545,4.68,24,24,0,0,0,0,119.1,112,63,62,17,28,2,128,6,0,9,503,90,3.73,1.173,8.4,1.3,2.1,9.7,4.57
85,Triston McKenzie,23,CLE,AL,5,9,0.357,4.95,25,24,0,0,0,0,120,84,66,66,21,58,0,136,3,2,2,495,88,4.7,1.183,6.3,1.6,4.4,10.2,2.34
86,Carlos Rodon*,28,CHW,AL,13,5,0.722,2.37,24,24,0,1,1,0,132.2,91,39,35,13,36,1,185,8,0,7,534,181,2.65,0.957,6.2,0.9,2.4,12.6,5.14
87,Kyle Freeland*,28,COL,NL,7,8,0.467,4.33,23,23,0,0,0,0,120.2,133,59,58,20,38,1,105,4,0,1,515,108,4.63,1.417,9.9,1.5,2.8,7.8,2.76
88,Zac Gallen,25,ARI,NL,4,10,0.286,4.3,23,23,0,1,1,0,121.1,108,61,58,19,49,1,139,5,0,6,523,99,4.25,1.294,8,1.4,3.6,10.3,2.84
89,Austin Gomber*,27,COL,NL,9,9,0.5,4.53,23,23,0,0,0,0,115.1,102,64,58,20,41,2,113,3,0,1,488,103,4.61,1.24,8,1.6,3.2,8.8,2.76
90,Andrew Heaney*,30,TOT,AL,8,9,0.471,5.83,30,23,2,0,0,0,129.2,130,85,84,29,41,0,150,6,0,4,558,75,4.85,1.319,9,2,2.8,10.4,3.66
91,Mitch Keller,25,PIT,NL,5,11,0.313,6.17,23,23,0,0,0,0,100.2,131,69,69,10,49,1,92,7,0,2,470,68,4.3,1.788,11.7,0.9,4.4,8.2,1.88
92,Jake Odorizzi,31,HOU,AL,6,7,0.462,4.21,24,23,0,0,0,0,104.2,97,51,49,16,34,1,91,3,0,0,441,102,4.48,1.252,8.3,1.4,2.9,7.8,2.68
93,Shohei Ohtani,26,LAA,AL,9,2,0.818,3.18,23,23,0,0,0,0,130.1,98,48,46,15,44,2,156,10,2,10,533,139,3.52,1.09,6.8,1,3,10.8,3.55
94,Drew Smyly*,32,ATL,NL,11,4,0.733,4.48,29,23,2,0,0,0,126.2,133,69,63,27,41,3,117,2,1,5,546,99,5.11,1.374,9.5,1.9,2.9,8.3,2.85
95,Michael Wacha,29,TBR,AL,3,5,0.375,5.05,29,23,1,0,0,0,124.2,132,73,70,23,31,0,121,4,0,5,528,79,4.47,1.307,9.5,1.7,2.2,8.7,3.9
96,Vladimir Gutiérrez,25,CIN,NL,9,6,0.6,4.74,22,22,0,0,0,0,114,115,61,60,20,46,0,88,4,2,3,496,101,5.22,1.412,9.1,1.6,3.6,6.9,1.91
97,Clayton Kershaw*,33,LAD,NL,10,8,0.556,3.55,22,22,0,0,0,0,121.2,103,51,48,15,21,0,144,3,1,7,488,115,3,1.019,7.6,1.1,1.6,10.7,6.86
98,Chris Paddack,25,SDP,NL,7,7,0.5,5.07,23,22,0,0,0,0,108.1,115,67,61,15,22,1,99,1,0,2,459,77,3.78,1.265,9.6,1.2,1.8,8.2,4.5
99,Martin Perez*,30,BOS,AL,7,8,0.467,4.74,36,22,6,0,0,0,114,136,71,60,19,36,2,97,9,1,2,509,100,4.82,1.509,10.7,1.5,2.8,7.7,2.69
100,Cal Quantrill,26,CLE,AL,8,3,0.727,2.89,40,22,2,0,0,0,149.2,129,55,48,16,47,0,121,9,0,3,616,150,4.07,1.176,7.8,1,2.8,7.3,2.57
101,Garrett Richards,33,BOS,AL,7,8,0.467,4.87,40,22,4,0,0,3,136.2,158,86,74,19,60,1,115,5,0,7,617,97,4.72,1.595,10.4,1.3,4,7.6,1.92
102,Framber Valdez*,27,HOU,AL,11,6,0.647,3.14,22,22,0,1,0,0,134.2,110,52,47,12,58,1,125,11,2,9,572,137,4.01,1.248,7.4,0.8,3.9,8.4,2.16
103,Adbert Alzolay,26,CHC,NL,5,13,0.278,4.58,29,21,1,0,0,1,125.2,112,66,64,25,34,2,128,5,3,2,519,93,4.65,1.162,8,1.8,2.4,9.2,3.76
104,Aaron Civale,26,CLE,AL,12,5,0.706,3.84,21,21,0,0,0,0,124.1,108,56,53,23,31,0,99,4,1,3,498,113,4.83,1.118,7.8,1.7,2.2,7.2,3.19
105,Johnny Cueto,35,SFG,NL,7,7,0.5,4.08,22,21,0,0,0,0,114.2,127,57,52,15,30,1,98,4,0,0,490,100,4.05,1.369,10,1.2,2.4,7.7,3.27
106,John Gant,28,TOT,MLB,5,11,0.313,4.09,39,21,4,0,0,0,110,95,56,50,10,71,2,92,6,0,3,491,98,4.78,1.509,7.8,0.8,5.8,7.5,1.3
107,James Kaprielian,27,OAK,AL,8,5,0.615,4.07,24,21,0,0,0,0,119.1,105,55,54,19,41,0,123,5,0,1,502,99,4.33,1.223,7.9,1.4,3.1,9.3,3
108,Kwang Hyun Kim*,32,STL,NL,7,7,0.5,3.46,27,21,2,0,0,1,106.2,98,46,41,12,39,2,80,4,0,4,452,112,4.34,1.284,8.3,1,3.3,6.8,2.05
109,Kenta Maeda,33,MIN,AL,6,5,0.545,4.66,21,21,0,0,0,0,106.1,106,60,55,16,32,1,113,7,0,3,453,91,4.1,1.298,9,1.4,2.7,9.6,3.53
110,Michael Pineda,32,MIN,AL,9,8,0.529,3.62,22,21,0,0,0,0,109.1,114,49,44,17,21,1,88,2,0,1,458,117,4.21,1.235,9.4,1.4,1.7,7.2,4.19
111,Vince Velasquez,29,TOT,NL,3,9,0.25,6.3,25,21,1,0,0,0,94.1,91,68,66,23,49,2,101,4,0,2,417,66,5.88,1.484,8.7,2.2,4.7,9.6,2.06
112,Ryan Yarbrough*,29,TBR,AL,9,7,0.563,5.11,30,21,0,1,0,0,155,163,96,88,25,27,2,117,9,1,1,653,78,4.45,1.226,9.5,1.5,1.6,6.8,4.33
113,Kris Bubic*,23,KCR,AL,6,7,0.462,4.43,29,20,3,0,0,0,130,121,67,64,22,59,0,114,7,1,0,556,103,5.14,1.385,8.4,1.5,4.1,7.9,1.93
114,Eric Lauer*,26,MIL,NL,7,5,0.583,3.19,24,20,0,0,0,0,118.2,94,46,42,16,41,1,117,2,0,2,489,132,4.04,1.138,7.1,1.2,3.1,8.9,2.85
115,Pablo Lopez,25,MIA,NL,5,5,0.5,3.07,20,20,0,0,0,0,102.2,89,37,35,11,26,1,115,7,0,3,418,136,3.29,1.12,7.8,1,2.3,10.1,4.42
116,Alek Manoah,23,TOR,AL,9,2,0.818,3.22,20,20,0,0,0,0,111.2,77,44,40,12,40,0,127,16,1,0,459,139,3.8,1.048,6.2,1,3.2,10.2,3.18
117,Alec Mills,29,CHC,NL,6,7,0.462,5.07,32,20,4,0,0,1,119,137,75,67,16,34,2,87,7,0,4,517,84,4.49,1.437,10.4,1.2,2.6,6.6,2.56
118,Bailey Ober,25,MIN,AL,3,3,0.5,4.19,20,20,0,0,0,0,92.1,92,45,43,20,19,0,96,1,0,1,379,102,4.56,1.202,9,1.9,1.9,9.4,5.05
119,Jose Urquidy,26,HOU,AL,8,3,0.727,3.62,20,20,0,0,0,0,107,87,43,43,17,19,0,90,2,0,2,423,119,4.14,0.991,7.3,1.4,1.6,7.6,4.74
120,LgAvg per 180 IP,,,,10,10,0.498,4.3,95,20,22,0,0,5,180,167,94,86,25,67,3,178,9,1,8,769,100,4.29,1.302,8.4,1.3,3.4,8.9,2.65
121,Dylan Bundy,28,LAA,AL,2,9,0.182,6.06,23,19,1,0,0,0,90.2,89,64,61,20,34,0,84,6,0,1,397,73,5.51,1.357,8.8,2,3.4,8.3,2.47
122,Paolo Espino,34,WSN,NL,5,5,0.5,4.27,35,19,11,0,0,1,109.2,108,53,52,19,25,2,92,1,0,1,455,94,4.46,1.213,8.9,1.6,2.1,7.6,3.68
123,Joe Ross,28,WSN,NL,5,9,0.357,4.17,20,19,0,0,0,0,108,98,57,50,17,34,4,109,8,0,0,460,96,4.36,1.222,8.2,1.4,2.8,9.1,3.21
124,Ross Stripling,31,TOR,AL,5,7,0.417,4.8,24,19,1,0,0,0,101.1,99,55,54,23,30,0,94,2,0,0,431,93,5.21,1.273,8.8,2,2.7,8.3,3.13
125,Alex Cobb,33,LAA,AL,8,3,0.727,3.76,18,18,0,0,0,0,93.1,85,46,39,5,33,0,98,3,0,4,393,118,2.92,1.264,8.2,0.5,3.2,9.5,2.97
126,Zach Eflin,27,PHI,NL,4,7,0.364,4.17,18,18,0,0,0,0,105.2,116,52,49,15,16,2,99,3,0,2,442,100,3.68,1.249,9.9,1.3,1.4,8.4,6.19
127,Domingo German,28,NYY,AL,4,5,0.444,4.58,22,18,0,0,0,0,98.1,89,52,50,17,27,0,98,2,1,3,410,94,4.31,1.18,8.1,1.6,2.5,9,3.63
128,Chi Chi Gonzalez,29,COL,NL,3,7,0.3,6.46,24,18,1,0,0,0,101.2,127,74,73,18,28,0,56,6,0,2,448,72,5.37,1.525,11.2,1.6,2.5,5,2
129,Jesus Luzardo*,23,TOT,MLB,6,9,0.4,6.61,25,18,1,0,0,0,95.1,106,73,70,20,48,1,98,4,0,8,437,63,5.48,1.615,10,1.9,4.5,9.3,2.04
130,Matt Manning,23,DET,AL,4,7,0.364,5.8,18,18,0,0,0,0,85.1,96,59,55,10,33,0,57,3,0,1,385,75,4.62,1.512,10.1,1.1,3.5,6,1.73
131,Tylor Megill,25,NYM,NL,4,6,0.4,4.52,18,18,0,1,0,0,89.2,88,46,45,19,27,0,99,2,0,1,379,90,4.69,1.283,8.8,1.9,2.7,9.9,3.67
132,Eli Morgan,25,CLE,AL,5,7,0.417,5.34,18,18,0,0,0,0,89.1,90,54,53,20,22,0,81,4,1,0,379,81,5.14,1.254,9.1,2,2.2,8.2,3.68
133,Wily Peralta,32,DET,AL,4,5,0.444,3.07,19,18,0,0,0,0,93.2,87,41,32,12,38,0,58,4,0,1,402,141,4.94,1.335,8.4,1.2,3.7,5.6,1.53
134,Jose Urena,29,DET,AL,4,8,0.333,5.81,26,18,1,0,0,0,100.2,119,70,65,14,42,0,67,4,0,4,456,75,5.02,1.599,10.6,1.3,3.8,6,1.6
135,Ryan Weathers*,21,SDP,NL,4,7,0.364,5.32,30,18,1,0,0,1,94.2,101,57,56,20,30,1,72,3,1,2,401,73,5.44,1.384,9.6,1.9,2.9,6.8,2.4
136,Keegan Akin*,26,BAL,AL,2,10,0.167,6.63,24,17,1,0,0,0,95,110,70,70,17,40,1,82,2,1,5,427,69,5.1,1.579,10.4,1.6,3.8,7.8,2.05
137,Kolby Allard*,23,TEX,AL,3,12,0.2,5.41,32,17,3,0,0,0,124.2,128,80,75,29,31,0,104,4,0,4,534,81,5.37,1.275,9.2,2.1,2.2,7.5,3.35
138,Trevor Bauer,30,LAD,NL,8,5,0.615,2.59,17,17,0,1,0,0,107.2,71,36,31,19,37,1,137,3,0,3,432,158,4.03,1.003,5.9,1.6,3.1,11.5,3.7
139,Huascar Ynoa,23,ATL,NL,4,6,0.4,4.05,18,17,0,0,0,0,91,76,42,41,14,25,1,100,4,0,4,372,109,3.93,1.11,7.5,1.4,2.5,9.9,4
140,Shane Bieber,26,CLE,AL,7,4,0.636,3.17,16,16,0,0,0,0,96.2,84,36,34,11,33,0,134,4,0,5,405,137,3.03,1.21,7.8,1,3.1,12.5,4.06
141,Corey Kluber,35,NYY,AL,5,3,0.625,3.83,16,16,0,1,1,0,80,74,37,34,8,33,0,82,5,0,3,341,112,3.85,1.338,8.3,0.9,3.7,9.2,2.48
142,Carlos Martinez,29,STL,NL,4,9,0.308,6.23,16,16,0,0,0,0,82.1,77,58,57,8,36,2,57,11,0,3,363,62,4.76,1.372,8.4,0.9,3.9,6.2,1.58
143,Bryse Wilson,23,TOT,NL,3,7,0.3,5.35,16,16,0,0,0,0,74,85,45,44,15,22,3,46,1,1,2,322,81,5.49,1.446,10.3,1.8,2.7,5.6,2.09
144,Tyler Alexander*,26,DET,AL,2,4,0.333,3.81,41,15,7,0,0,0,106.1,106,47,45,16,28,0,87,4,0,2,451,114,4.39,1.26,9,1.4,2.4,7.4,3.11
145,Matthew Boyd*,30,DET,AL,3,8,0.273,3.89,15,15,0,0,0,0,78.2,77,37,34,9,23,0,67,7,0,4,337,112,4.1,1.271,8.8,1,2.6,7.7,2.91
146,Jacob deGrom,33,NYM,NL,7,2,0.778,1.08,15,15,0,1,1,0,92,40,14,11,6,11,0,146,1,0,0,324,377,1.24,0.554,3.9,0.6,1.1,14.3,13.27
147,Jack Flaherty,25,STL,NL,9,2,0.818,3.22,17,15,0,0,0,0,78.1,57,35,28,12,26,1,85,6,0,4,322,121,4.22,1.06,6.5,1.4,3,9.8,3.27
148,Spencer Howard,24,TOT,MLB,0,5,0,7.43,19,15,1,0,0,0,49.2,53,45,41,7,27,0,52,3,0,5,229,58,4.72,1.611,9.6,1.3,4.9,9.4,1.93
149,Daniel Lynch*,24,KCR,AL,4,6,0.4,5.69,15,15,0,0,0,0,68,80,46,43,9,31,0,55,4,1,4,311,80,4.82,1.632,10.6,1.2,4.1,7.3,1.77
150,Luis Patino,21,TBR,AL,5,3,0.625,4.31,19,15,0,0,0,0,77.1,69,40,37,12,29,2,74,3,1,7,333,93,4.51,1.267,8,1.4,3.4,8.6,2.55
151,David Peterson*,25,NYM,NL,2,6,0.25,5.54,15,15,0,0,0,0,66.2,64,44,41,11,29,0,69,5,0,6,287,73,4.78,1.395,8.6,1.5,3.9,9.3,2.38
152,Justus Sheffield*,25,SEA,AL,7,8,0.467,6.83,21,15,0,0,0,0,80.1,105,69,61,14,43,1,63,5,0,5,385,62,5.66,1.842,11.8,1.6,4.8,7.1,1.47
153,Trevor Williams,29,TOT,NL,4,2,0.667,4.35,23,15,3,0,0,0,91,105,51,44,11,31,0,90,3,0,0,405,97,3.88,1.495,10.4,1.1,3.1,8.9,2.9
154,Nestor Cortes*,26,NYY,AL,2,3,0.4,2.9,22,14,3,0,0,0,93,75,32,30,14,25,0,103,2,1,2,374,148,3.78,1.075,7.3,1.4,2.4,10,4.12
155,Tyler Glasnow,27,TBR,AL,5,2,0.714,2.66,14,14,0,0,0,0,88,55,26,26,10,27,0,123,0,0,8,340,150,2.77,0.932,5.6,1,2.8,12.6,4.56
156,Griffin Jax,26,MIN,AL,4,5,0.444,6.37,18,14,2,0,0,0,82,82,62,58,23,29,1,65,5,0,6,360,67,6.47,1.354,9,2.5,3.2,7.1,2.24
157,Chad Kuhl,28,PIT,NL,5,7,0.417,4.82,28,14,2,0,0,0,80.1,73,50,43,13,42,0,75,9,0,9,349,88,5.31,1.432,8.2,1.5,4.7,8.4,1.79
158,Patrick Sandoval*,24,LAA,AL,3,6,0.333,3.62,17,14,2,0,0,1,87,69,38,35,11,36,0,94,4,0,3,363,122,4.03,1.207,7.1,1.1,3.7,9.7,2.61
159,Jose Suarez*,23,LAA,AL,8,8,0.5,3.75,23,14,2,1,0,0,98.1,85,45,41,11,36,1,85,4,1,4,413,118,4.12,1.231,7.8,1,3.3,7.8,2.36
160,Zach Thompson,27,MIA,NL,3,7,0.3,3.24,26,14,2,0,0,0,75,63,35,27,6,28,1,66,3,0,5,315,129,3.69,1.213,7.6,0.7,3.4,7.9,2.36
161,Griffin Canning,25,LAA,AL,5,4,0.556,5.6,14,13,0,0,0,0,62.2,65,41,39,14,28,0,62,1,0,3,277,79,5.48,1.484,9.3,2,4,8.9,2.21
162,Tony Gonsolin,27,LAD,NL,4,1,0.8,3.23,15,13,0,0,0,0,55.2,41,20,20,8,34,0,65,0,0,4,239,127,4.54,1.347,6.6,1.3,5.5,10.5,1.91
163,Josiah Gray,23,TOT,NL,2,2,0.5,5.48,14,13,0,0,0,0,70.2,63,44,43,19,33,3,76,2,0,7,307,74,6,1.358,8,2.4,4.2,9.7,2.3
164,Tanner Houck,25,BOS,AL,1,5,0.167,3.52,18,13,2,0,0,1,69,57,32,27,4,21,1,87,6,0,3,285,135,2.58,1.13,7.4,0.5,2.7,11.3,4.14
165,Dean Kremer,25,BAL,AL,0,7,0,7.55,13,13,0,0,0,0,53.2,63,46,45,17,25,0,47,1,0,5,245,61,6.99,1.64,10.6,2.9,4.2,7.9,1.88
166,Matt Moore*,32,PHI,NL,2,4,0.333,6.29,24,13,5,0,0,0,73,78,54,51,15,38,4,63,2,0,3,334,67,5.76,1.589,9.6,1.8,4.7,7.8,1.66
167,Johan Oviedo,23,STL,NL,0,5,0,4.91,14,13,0,0,0,0,62.1,61,39,34,8,37,2,51,6,0,2,288,79,5.27,1.572,8.8,1.2,5.3,7.4,1.38
168,Caleb Smith*,29,ARI,NL,4,9,0.308,4.83,45,13,4,0,0,0,113.2,93,64,61,20,63,3,124,6,0,2,500,88,5.1,1.372,7.4,1.6,5,9.8,1.97
169,Luke Weaver,27,ARI,NL,3,6,0.333,4.25,13,13,0,0,0,0,65.2,58,34,31,11,20,3,62,1,0,0,275,101,4.42,1.188,7.9,1.5,2.7,8.5,3.1
170,Taylor Widener,26,ARI,NL,2,1,0.667,4.35,23,13,0,0,0,0,70.1,65,38,34,14,37,3,73,7,0,1,319,98,5.56,1.45,8.3,1.8,4.7,9.3,1.97
171,Bruce Zimmermann*,26,BAL,AL,4,5,0.444,5.04,14,13,0,0,0,0,64.1,75,37,36,14,22,0,56,2,1,0,285,91,5.38,1.508,10.5,2,3.1,7.8,2.55
172,Carlos Carrasco,34,NYM,NL,1,5,0.167,6.04,12,12,0,0,0,0,53.2,59,39,36,12,18,0,50,0,0,1,237,67,5.22,1.435,9.9,2,3,8.4,2.78
173,Danny Duffy*,32,KCR,AL,4,3,0.571,2.51,13,12,0,0,0,0,61,52,19,17,6,22,1,65,0,0,3,252,182,3.4,1.213,7.7,0.9,3.2,9.6,2.95
174,Sam Hentges*,24,CLE,AL,1,4,0.2,6.68,30,12,6,0,0,0,68.2,90,54,51,10,32,0,68,0,0,11,318,65,4.48,1.777,11.8,1.3,4.2,8.9,2.13
175,Ranger Suarez*,25,PHI,NL,8,5,0.615,1.36,39,12,13,1,1,4,106,73,20,16,4,33,3,107,5,0,1,418,308,2.72,1,6.2,0.3,2.8,9.1,3.24
176,Logan Allen*,24,CLE,AL,2,7,0.222,6.26,14,11,1,0,0,0,50.1,58,39,35,12,17,0,37,4,0,4,222,70,6.05,1.49,10.4,2.1,3,6.6,2.18
177,Jaime Barria,24,LAA,AL,2,4,0.333,4.61,13,11,0,0,0,0,56.2,70,29,29,8,19,0,35,2,0,0,250,96,4.88,1.571,11.1,1.3,3,5.6,1.84
178,Justin Dunn,25,SEA,AL,1,3,0.25,3.75,11,11,0,0,0,0,50.1,37,21,21,6,29,0,49,4,0,1,218,113,4.74,1.311,6.6,1.1,5.2,8.8,1.69
179,Josh Fleming*,25,TBR,AL,10,8,0.556,5.09,26,11,1,0,0,1,104.1,110,60,59,11,31,5,65,3,0,0,448,78,4.27,1.351,9.5,0.9,2.7,5.6,2.1
180,Taylor Hearn*,26,TEX,AL,6,6,0.5,4.66,42,11,10,0,0,0,104.1,96,58,54,17,42,1,92,3,0,6,441,94,4.82,1.323,8.3,1.5,3.6,7.9,2.19
181,Carlos Hernandez,24,KCR,AL,6,2,0.75,3.68,24,11,1,0,0,0,85.2,69,36,35,7,41,1,74,4,1,6,358,124,4.08,1.284,7.2,0.7,4.3,7.8,1.8
182,Elieser Hernandez,26,MIA,NL,1,3,0.25,4.18,11,11,0,0,0,0,51.2,54,26,24,13,14,2,53,3,0,1,225,100,5.38,1.316,9.4,2.3,2.4,9.2,3.79
183,Jeff Hoffman,28,CIN,NL,3,5,0.375,4.56,31,11,7,0,0,0,73,70,41,37,12,45,2,79,5,0,9,335,105,5.2,1.575,8.6,1.5,5.5,9.7,1.76
184,J.C. Mejia,24,CLE,AL,1,7,0.125,8.25,17,11,1,0,0,0,52.1,60,48,48,13,24,0,47,3,2,2,238,53,6.15,1.605,10.3,2.2,4.1,8.1,1.96
185,David Price*,35,LAD,NL,5,2,0.714,4.03,39,11,5,0,0,1,73.2,79,35,33,8,26,2,58,4,0,1,326,102,4.23,1.425,9.7,1,3.2,7.1,2.23
186,Matt Shoemaker,34,MIN,AL,3,8,0.273,8.06,16,11,4,0,0,0,60.1,73,56,54,15,27,1,40,3,0,1,284,53,6.57,1.657,10.9,2.2,4,6,1.48
187,Kohei Arihara,28,TEX,AL,2,4,0.333,6.64,10,10,0,0,0,0,40.2,45,31,30,11,13,0,24,4,0,1,178,66,6.76,1.426,10,2.4,2.9,5.3,1.85
188,Jose Quintana*,32,TOT,MLB,0,3,0,6.43,29,10,5,0,0,0,63,74,50,45,12,35,1,85,1,1,7,297,69,4.66,1.73,10.6,1.7,5,12.1,2.43
189,Drew Rasmussen,25,TOT,MLB,4,1,0.8,2.84,35,10,9,0,0,1,76,57,27,24,5,25,2,73,0,0,4,307,143,3.09,1.079,6.8,0.6,3,8.6,2.92
190,Touki Toussaint,25,ATL,NL,3,3,0.5,4.5,11,10,1,0,0,0,50,43,28,25,11,22,1,48,6,0,2,216,99,5.79,1.3,7.7,2,4,8.6,2.18
191,Spenser Watkins,28,BAL,AL,2,7,0.222,8.07,16,10,4,0,0,0,54.2,74,50,49,14,19,0,35,2,0,4,255,57,6.37,1.701,12.2,2.3,3.1,5.8,1.84
,,,,,,,,,,,,,,,,,,,,,,,,,,,,,,,,,,
,,,,,,,,,,,,,,,,,,,,,,,,,,,,,,,,,,
,,,,,,,,,,,,,,,,,,,,,,,,,,,,,,,,,,
,,,,,,,,,,,,,,,,,,,,,,,,,,,,,,,,,,
,,,,,,,,,,,,,,,,,,,,,,,,,,,,,,,,,,
,,,,,,,,,,,,,,,,,,,,,,,,,,,,,,,,,,
,,,,,,,,,,,,,,,,,,,,,,,,,,,,,,,,,,
,,,,,,,,,,,,,,,,,,,,,,,,,,,,,,,,,,
,,,,,,,,,,,,,,,,,,,,,,,,,,,,,,,,,,
,,,,,,,,,,,,,,,,,,,,,,,,,,,,,,,,,,
,,,,,,,,,,,,,,,,,,,,,,,,,,,,,,,,,,
,,,,,,,,,,,,,,,,,,,,,,,,,,,,,,,,,,
,,,,,,,,,,,,,,,,,,,,,,,,,,,,,,,,,,
,,,,,,,,,,,,,,,,,,,,,,,,,,,,,,,,,,
,,,,,,,,,,,,,,,,,,,,,,,,,,,,,,,,,,
,,,,,,,,,,,,,,,,,,,,,,,,,,,,,,,,,,
,,,,,,,,,,,,,,,,,,,,,,,,,,,,,,,,,,
,,,,,,,,,,,,,,,,,,,,,,,,,,,,,,,,,,
,,,,,,,,,,,,,,,,,,,,,,,,,,,,,,,,,,
,,,,,,,,,,,,,,,,,,,,,,,,,,,,,,,,,,
,,,,,,,,,,,,,,,,,,,,,,,,,,,,,,,,,,
,,,,,,,,,,,,,,,,,,,,,,,,,,,,,,,,,,
,,,,,,,,,,,,,,,,,,,,,,,,,,,,,,,,,,
,,,,,,,,,,,,,,,,,,,,,,,,,,,,,,,,,,
,,,,,,,,,,,,,,,,,,,,,,,,,,,,,,,,,,
,,,,,,,,,,,,,,,,,,,,,,,,,,,,,,,,,,
,,,,,,,,,,,,,,,,,,,,,,,,,,,,,,,,,,
,,,,,,,,,,,,,,,,,,,,,,,,,,,,,,,,,,
,,,,,,,,,,,,,,,,,,,,,,,,,,,,,,,,,,
,,,,,,,,,,,,,,,,,,,,,,,,,,,,,,,,,,
,,,,,,,,,,,,,,,,,,,,,,,,,,,,,,,,,,
,,,,,,,,,,,,,,,,,,,,,,,,,,,,,,,,,,
,,,,,,,,,,,,,,,,,,,,,,,,,,,,,,,,,,
,,,,,,,,,,,,,,,,,,,,,,,,,,,,,,,,,,
,,,,,,,,,,,,,,,,,,,,,,,,,,,,,,,,,,
,,,,,,,,,,,,,,,,,,,,,,,,,,,,,,,,,,
,,,,,,,,,,,,,,,,,,,,,,,,,,,,,,,,,,
,,,,,,,,,,,,,,,,,,,,,,,,,,,,,,,,,,
,,,,,,,,,,,,,,,,,,,,,,,,,,,,,,,,,,
,,,,,,,,,,,,,,,,,,,,,,,,,,,,,,,,,,
,,,,,,,,,,,,,,,,,,,,,,,,,,,,,,,,,,
,,,,,,,,,,,,,,,,,,,,,,,,,,,,,,,,,,
,,,,,,,,,,,,,,,,,,,,,,,,,,,,,,,,,,
,,,,,,,,,,,,,,,,,,,,,,,,,,,,,,,,,,
,,,,,,,,,,,,,,,,,,,,,,,,,,,,,,,,,,
,,,,,,,,,,,,,,,,,,,,,,,,,,,,,,,,,,
,,,,,,,,,,,,,,,,,,,,,,,,,,,,,,,,,,
,,,,,,,,,,,,,,,,,,,,,,,,,,,,,,,,,,
,,,,,,,,,,,,,,,,,,,,,,,,,,,,,,,,,,
,,,,,,,,,,,,,,,,,,,,,,,,,,,,,,,,,,
,,,,,,,,,,,,,,,,,,,,,,,,,,,,,,,,,,
,,,,,,,,,,,,,,,,,,,,,,,,,,,,,,,,,,
,,,,,,,,,,,,,,,,,,,,,,,,,,,,,,,,,,
,,,,,,,,,,,,,,,,,,,,,,,,,,,,,,,,,,
,,,,,,,,,,,,,,,,,,,,,,,,,,,,,,,,,,
,,,,,,,,,,,,,,,,,,,,,,,,,,,,,,,,,,
,,,,,,,,,,,,,,,,,,,,,,,,,,,,,,,,,,
,,,,,,,,,,,,,,,,,,,,,,,,,,,,,,,,,,
,,,,,,,,,,,,,,,,,,,,,,,,,,,,,,,,,,
,,,,,,,,,,,,,,,,,,,,,,,,,,,,,,,,,,
,,,,,,,,,,,,,,,,,,,,,,,,,,,,,,,,,,
,,,,,,,,,,,,,,,,,,,,,,,,,,,,,,,,,,
,,,,,,,,,,,,,,,,,,,,,,,,,,,,,,,,,,
,,,,,,,,,,,,,,,,,,,,,,,,,,,,,,,,,,
,,,,,,,,,,,,,,,,,,,,,,,,,,,,,,,,,,
,,,,,,,,,,,,,,,,,,,,,,,,,,,,,,,,,,
,,,,,,,,,,,,,,,,,,,,,,,,,,,,,,,,,,
,,,,,,,,,,,,,,,,,,,,,,,,,,,,,,,,,,
,,,,,,,,,,,,,,,,,,,,,,,,,,,,,,,,,,
,,,,,,,,,,,,,,,,,,,,,,,,,,,,,,,,,,
,,,,,,,,,,,,,,,,,,,,,,,,,,,,,,,,,,
,,,,,,,,,,,,,,,,,,,,,,,,,,,,,,,,,,
,,,,,,,,,,,,,,,,,,,,,,,,,,,,,,,,,,
,,,,,,,,,,,,,,,,,,,,,,,,,,,,,,,,,,
,,,,,,,,,,,,,,,,,,,,,,,,,,,,,,,,,,
,,,,,,,,,,,,,,,,,,,,,,,,,,,,,,,,,,
,,,,,,,,,,,,,,,,,,,,,,,,,,,,,,,,,,
,,,,,,,,,,,,,,,,,,,,,,,,,,,,,,,,,,
,,,,,,,,,,,,,,,,,,,,,,,,,,,,,,,,,,
,,,,,,,,,,,,,,,,,,,,,,,,,,,,,,,,,,
,,,,,,,,,,,,,,,,,,,,,,,,,,,,,,,,,,
,,,,,,,,,,,,,,,,,,,,,,,,,,,,,,,,,,
,,,,,,,,,,,,,,,,,,,,,,,,,,,,,,,,,,
,,,,,,,,,,,,,,,,,,,,,,,,,,,,,,,,,,
,,,,,,,,,,,,,,,,,,,,,,,,,,,,,,,,,,
,,,,,,,,,,,,,,,,,,,,,,,,,,,,,,,,,,
,,,,,,,,,,,,,,,,,,,,,,,,,,,,,,,,,,
,,,,,,,,,,,,,,,,,,,,,,,,,,,,,,,,,,
,,,,,,,,,,,,,,,,,,,,,,,,,,,,,,,,,,
,,,,,,,,,,,,,,,,,,,,,,,,,,,,,,,,,,
,,,,,,,,,,,,,,,,,,,,,,,,,,,,,,,,,,
,,,,,,,,,,,,,,,,,,,,,,,,,,,,,,,,,,
,,,,,,,,,,,,,,,,,,,,,,,,,,,,,,,,,,
,,,,,,,,,,,,,,,,,,,,,,,,,,,,,,,,,,
,,,,,,,,,,,,,,,,,,,,,,,,,,,,,,,,,,
,,,,,,,,,,,,,,,,,,,,,,,,,,,,,,,,,,
,,,,,,,,,,,,,,,,,,,,,,,,,,,,,,,,,,
,,,,,,,,,,,,,,,,,,,,,,,,,,,,,,,,,,
,,,,,,,,,,,,,,,,,,,,,,,,,,,,,,,,,,
,,,,,,,,,,,,,,,,,,,,,,,,,,,,,,,,,,
,,,,,,,,,,,,,,,,,,,,,,,,,,,,,,,,,,
,,,,,,,,,,,,,,,,,,,,,,,,,,,,,,,,,,
,,,,,,,,,,,,,,,,,,,,,,,,,,,,,,,,,,
,,,,,,,,,,,,,,,,,,,,,,,,,,,,,,,,,,
,,,,,,,,,,,,,,,,,,,,,,,,,,,,,,,,,,
,,,,,,,,,,,,,,,,,,,,,,,,,,,,,,,,,,
,,,,,,,,,,,,,,,,,,,,,,,,,,,,,,,,,,
,,,,,,,,,,,,,,,,,,,,,,,,,,,,,,,,,,
,,,,,,,,,,,,,,,,,,,,,,,,,,,,,,,,,,
,,,,,,,,,,,,,,,,,,,,,,,,,,,,,,,,,,
,,,,,,,,,,,,,,,,,,,,,,,,,,,,,,,,,,
,,,,,,,,,,,,,,,,,,,,,,,,,,,,,,,,,,
,,,,,,,,,,,,,,,,,,,,,,,,,,,,,,,,,,
,,,,,,,,,,,,,,,,,,,,,,,,,,,,,,,,,,
,,,,,,,,,,,,,,,,,,,,,,,,,,,,,,,,,,
,,,,,,,,,,,,,,,,,,,,,,,,,,,,,,,,,,
,,,,,,,,,,,,,,,,,,,,,,,,,,,,,,,,,,
,,,,,,,,,,,,,,,,,,,,,,,,,,,,,,,,,,
,,,,,,,,,,,,,,,,,,,,,,,,,,,,,,,,,,
,,,,,,,,,,,,,,,,,,,,,,,,,,,,,,,,,,
,,,,,,,,,,,,,,,,,,,,,,,,,,,,,,,,,,
,,,,,,,,,,,,,,,,,,,,,,,,,,,,,,,,,,
,,,,,,,,,,,,,,,,,,,,,,,,,,,,,,,,,,
,,,,,,,,,,,,,,,,,,,,,,,,,,,,,,,,,,
,,,,,,,,,,,,,,,,,,,,,,,,,,,,,,,,,,
,,,,,,,,,,,,,,,,,,,,,,,,,,,,,,,,,,
,,,,,,,,,,,,,,,,,,,,,,,,,,,,,,,,,,
,,,,,,,,,,,,,,,,,,,,,,,,,,,,,,,,,,
,,,,,,,,,,,,,,,,,,,,,,,,,,,,,,,,,,
,,,,,,,,,,,,,,,,,,,,,,,,,,,,,,,,,,
,,,,,,,,,,,,,,,,,,,,,,,,,,,,,,,,,,
,,,,,,,,,,,,,,,,,,,,,,,,,,,,,,,,,,
,,,,,,,,,,,,,,,,,,,,,,,,,,,,,,,,,,
,,,,,,,,,,,,,,,,,,,,,,,,,,,,,,,,,,
,,,,,,,,,,,,,,,,,,,,,,,,,,,,,,,,,,
,,,,,,,,,,,,,,,,,,,,,,,,,,,,,,,,,,
,,,,,,,,,,,,,,,,,,,,,,,,,,,,,,,,,,
,,,,,,,,,,,,,,,,,,,,,,,,,,,,,,,,,,
,,,,,,,,,,,,,,,,,,,,,,,,,,,,,,,,,,
,,,,,,,,,,,,,,,,,,,,,,,,,,,,,,,,,,
,,,,,,,,,,,,,,,,,,,,,,,,,,,,,,,,,,
,,,,,,,,,,,,,,,,,,,,,,,,,,,,,,,,,,
,,,,,,,,,,,,,,,,,,,,,,,,,,,,,,,,,,
,,,,,,,,,,,,,,,,,,,,,,,,,,,,,,,,,,
,,,,,,,,,,,,,,,,,,,,,,,,,,,,,,,,,,
,,,,,,,,,,,,,,,,,,,,,,,,,,,,,,,,,,
,,,,,,,,,,,,,,,,,,,,,,,,,,,,,,,,,,
,,,,,,,,,,,,,,,,,,,,,,,,,,,,,,,,,,
,,,,,,,,,,,,,,,,,,,,,,,,,,,,,,,,,,
,,,,,,,,,,,,,,,,,,,,,,,,,,,,,,,,,,
,,,,,,,,,,,,,,,,,,,,,,,,,,,,,,,,,,
,,,,,,,,,,,,,,,,,,,,,,,,,,,,,,,,,,
,,,,,,,,,,,,,,,,,,,,,,,,,,,,,,,,,,
,,,,,,,,,,,,,,,,,,,,,,,,,,,,,,,,,,
,,,,,,,,,,,,,,,,,,,,,,,,,,,,,,,,,,
,,,,,,,,,,,,,,,,,,,,,,,,,,,,,,,,,,
,,,,,,,,,,,,,,,,,,,,,,,,,,,,,,,,,,
,,,,,,,,,,,,,,,,,,,,,,,,,,,,,,,,,,
,,,,,,,,,,,,,,,,,,,,,,,,,,,,,,,,,,
,,,,,,,,,,,,,,,,,,,,,,,,,,,,,,,,,,
,,,,,,,,,,,,,,,,,,,,,,,,,,,,,,,,,,
,,,,,,,,,,,,,,,,,,,,,,,,,,,,,,,,,,
,,,,,,,,,,,,,,,,,,,,,,,,,,,,,,,,,,
,,,,,,,,,,,,,,,,,,,,,,,,,,,,,,,,,,
,,,,,,,,,,,,,,,,,,,,,,,,,,,,,,,,,,
,,,,,,,,,,,,,,,,,,,,,,,,,,,,,,,,,,
,,,,,,,,,,,,,,,,,,,,,,,,,,,,,,,,,,
,,,,,,,,,,,,,,,,,,,,,,,,,,,,,,,,,,
,,,,,,,,,,,,,,,,,,,,,,,,,,,,,,,,,,
,,,,,,,,,,,,,,,,,,,,,,,,,,,,,,,,,,
,,,,,,,,,,,,,,,,,,,,,,,,,,,,,,,,,,
,,,,,,,,,,,,,,,,,,,,,,,,,,,,,,,,,,
,,,,,,,,,,,,,,,,,,,,,,,,,,,,,,,,,,
,,,,,,,,,,,,,,,,,,,,,,,,,,,,,,,,,,
,,,,,,,,,,,,,,,,,,,,,,,,,,,,,,,,,,
,,,,,,,,,,,,,,,,,,,,,,,,,,,,,,,,,,
,,,,,,,,,,,,,,,,,,,,,,,,,,,,,,,,,,
,,,,,,,,,,,,,,,,,,,,,,,,,,,,,,,,,,
,,,,,,,,,,,,,,,,,,,,,,,,,,,,,,,,,,
,,,,,,,,,,,,,,,,,,,,,,,,,,,,,,,,,,
,,,,,,,,,,,,,,,,,,,,,,,,,,,,,,,,,,
,,,,,,,,,,,,,,,,,,,,,,,,,,,,,,,,,,
,,,,,,,,,,,,,,,,,,,,,,,,,,,,,,,,,,
,,,,,,,,,,,,,,,,,,,,,,,,,,,,,,,,,,
,,,,,,,,,,,,,,,,,,,,,,,,,,,,,,,,,,
,,,,,,,,,,,,,,,,,,,,,,,,,,,,,,,,,,
,,,,,,,,,,,,,,,,,,,,,,,,,,,,,,,,,,
,,,,,,,,,,,,,,,,,,,,,,,,,,,,,,,,,,
,,,,,,,,,,,,,,,,,,,,,,,,,,,,,,,,,,
,,,,,,,,,,,,,,,,,,,,,,,,,,,,,,,,,,
,,,,,,,,,,,,,,,,,,,,,,,,,,,,,,,,,,
,,,,,,,,,,,,,,,,,,,,,,,,,,,,,,,,,,
,,,,,,,,,,,,,,,,,,,,,,,,,,,,,,,,,,
,,,,,,,,,,,,,,,,,,,,,,,,,,,,,,,,,,
,,,,,,,,,,,,,,,,,,,,,,,,,,,,,,,,,,
,,,,,,,,,,,,,,,,,,,,,,,,,,,,,,,,,,
,,,,,,,,,,,,,,,,,,,,,,,,,,,,,,,,,,
,,,,,,,,,,,,,,,,,,,,,,,,,,,,,,,,,,
,,,,,,,,,,,,,,,,,,,,,,,,,,,,,,,,,,
,,,,,,,,,,,,,,,,,,,,,,,,,,,,,,,,,,
,,,,,,,,,,,,,,,,,,,,,,,,,,,,,,,,,,
,,,,,,,,,,,,,,,,,,,,,,,,,,,,,,,,,,
,,,,,,,,,,,,,,,,,,,,,,,,,,,,,,,,,,
,,,,,,,,,,,,,,,,,,,,,,,,,,,,,,,,,,
,,,,,,,,,,,,,,,,,,,,,,,,,,,,,,,,,,
,,,,,,,,,,,,,,,,,,,,,,,,,,,,,,,,,,
,,,,,,,,,,,,,,,,,,,,,,,,,,,,,,,,,,
,,,,,,,,,,,,,,,,,,,,,,,,,,,,,,,,,,
,,,,,,,,,,,,,,,,,,,,,,,,,,,,,,,,,,
,,,,,,,,,,,,,,,,,,,,,,,,,,,,,,,,,,
,,,,,,,,,,,,,,,,,,,,,,,,,,,,,,,,,,
,,,,,,,,,,,,,,,,,,,,,,,,,,,,,,,,,,
,,,,,,,,,,,,,,,,,,,,,,,,,,,,,,,,,,
,,,,,,,,,,,,,,,,,,,,,,,,,,,,,,,,,,
,,,,,,,,,,,,,,,,,,,,,,,,,,,,,,,,,,
,,,,,,,,,,,,,,,,,,,,,,,,,,,,,,,,,,
,,,,,,,,,,,,,,,,,,,,,,,,,,,,,,,,,,
,,,,,,,,,,,,,,,,,,,,,,,,,,,,,,,,,,
,,,,,,,,,,,,,,,,,,,,,,,,,,,,,,,,,,
,,,,,,,,,,,,,,,,,,,,,,,,,,,,,,,,,,
,,,,,,,,,,,,,,,,,,,,,,,,,,,,,,,,,,
,,,,,,,,,,,,,,,,,,,,,,,,,,,,,,,,,,
,,,,,,,,,,,,,,,,,,,,,,,,,,,,,,,,,,
,,,,,,,,,,,,,,,,,,,,,,,,,,,,,,,,,,
,,,,,,,,,,,,,,,,,,,,,,,,,,,,,,,,,,
,,,,,,,,,,,,,,,,,,,,,,,,,,,,,,,,,,
,,,,,,,,,,,,,,,,,,,,,,,,,,,,,,,,,,
,,,,,,,,,,,,,,,,,,,,,,,,,,,,,,,,,,
,,,,,,,,,,,,,,,,,,,,,,,,,,,,,,,,,,
,,,,,,,,,,,,,,,,,,,,,,,,,,,,,,,,,,
,,,,,,,,,,,,,,,,,,,,,,,,,,,,,,,,,,
,,,,,,,,,,,,,,,,,,,,,,,,,,,,,,,,,,
,,,,,,,,,,,,,,,,,,,,,,,,,,,,,,,,,,
,,,,,,,,,,,,,,,,,,,,,,,,,,,,,,,,,,
,,,,,,,,,,,,,,,,,,,,,,,,,,,,,,,,,,
,,,,,,,,,,,,,,,,,,,,,,,,,,,,,,,,,,
,,,,,,,,,,,,,,,,,,,,,,,,,,,,,,,,,,
,,,,,,,,,,,,,,,,,,,,,,,,,,,,,,,,,,
,,,,,,,,,,,,,,,,,,,,,,,,,,,,,,,,,,
,,,,,,,,,,,,,,,,,,,,,,,,,,,,,,,,,,
,,,,,,,,,,,,,,,,,,,,,,,,,,,,,,,,,,
,,,,,,,,,,,,,,,,,,,,,,,,,,,,,,,,,,
,,,,,,,,,,,,,,,,,,,,,,,,,,,,,,,,,,
,,,,,,,,,,,,,,,,,,,,,,,,,,,,,,,,,,
,,,,,,,,,,,,,,,,,,,,,,,,,,,,,,,,,,
,,,,,,,,,,,,,,,,,,,,,,,,,,,,,,,,,,
,,,,,,,,,,,,,,,,,,,,,,,,,,,,,,,,,,
,,,,,,,,,,,,,,,,,,,,,,,,,,,,,,,,,,
,,,,,,,,,,,,,,,,,,,,,,,,,,,,,,,,,,
,,,,,,,,,,,,,,,,,,,,,,,,,,,,,,,,,,
,,,,,,,,,,,,,,,,,,,,,,,,,,,,,,,,,,
,,,,,,,,,,,,,,,,,,,,,,,,,,,,,,,,,,
,,,,,,,,,,,,,,,,,,,,,,,,,,,,,,,,,,
,,,,,,,,,,,,,,,,,,,,,,,,,,,,,,,,,,
,,,,,,,,,,,,,,,,,,,,,,,,,,,,,,,,,,
,,,,,,,,,,,,,,,,,,,,,,,,,,,,,,,,,,
,,,,,,,,,,,,,,,,,,,,,,,,,,,,,,,,,,
,,,,,,,,,,,,,,,,,,,,,,,,,,,,,,,,,,
,,,,,,,,,,,,,,,,,,,,,,,,,,,,,,,,,,
,,,,,,,,,,,,,,,,,,,,,,,,,,,,,,,,,,
,,,,,,,,,,,,,,,,,,,,,,,,,,,,,,,,,,
,,,,,,,,,,,,,,,,,,,,,,,,,,,,,,,,,,
,,,,,,,,,,,,,,,,,,,,,,,,,,,,,,,,,,
,,,,,,,,,,,,,,,,,,,,,,,,,,,,,,,,,,
,,,,,,,,,,,,,,,,,,,,,,,,,,,,,,,,,,
,,,,,,,,,,,,,,,,,,,,,,,,,,,,,,,,,,
,,,,,,,,,,,,,,,,,,,,,,,,,,,,,,,,,,
,,,,,,,,,,,,,,,,,,,,,,,,,,,,,,,,,,
,,,,,,,,,,,,,,,,,,,,,,,,,,,,,,,,,,
,,,,,,,,,,,,,,,,,,,,,,,,,,,,,,,,,,
,,,,,,,,,,,,,,,,,,,,,,,,,,,,,,,,,,
,,,,,,,,,,,,,,,,,,,,,,,,,,,,,,,,,,
,,,,,,,,,,,,,,,,,,,,,,,,,,,,,,,,,,
,,,,,,,,,,,,,,,,,,,,,,,,,,,,,,,,,,
,,,,,,,,,,,,,,,,,,,,,,,,,,,,,,,,,,
,,,,,,,,,,,,,,,,,,,,,,,,,,,,,,,,,,
,,,,,,,,,,,,,,,,,,,,,,,,,,,,,,,,,,
,,,,,,,,,,,,,,,,,,,,,,,,,,,,,,,,,,
,,,,,,,,,,,,,,,,,,,,,,,,,,,,,,,,,,
,,,,,,,,,,,,,,,,,,,,,,,,,,,,,,,,,,
,,,,,,,,,,,,,,,,,,,,,,,,,,,,,,,,,,
,,,,,,,,,,,,,,,,,,,,,,,,,,,,,,,,,,
,,,,,,,,,,,,,,,,,,,,,,,,,,,,,,,,,,
,,,,,,,,,,,,,,,,,,,,,,,,,,,,,,,,,,
,,,,,,,,,,,,,,,,,,,,,,,,,,,,,,,,,,
,,,,,,,,,,,,,,,,,,,,,,,,,,,,,,,,,,
,,,,,,,,,,,,,,,,,,,,,,,,,,,,,,,,,,
,,,,,,,,,,,,,,,,,,,,,,,,,,,,,,,,,,
,,,,,,,,,,,,,,,,,,,,,,,,,,,,,,,,,,
,,,,,,,,,,,,,,,,,,,,,,,,,,,,,,,,,,
,,,,,,,,,,,,,,,,,,,,,,,,,,,,,,,,,,
,,,,,,,,,,,,,,,,,,,,,,,,,,,,,,,,,,
,,,,,,,,,,,,,,,,,,,,,,,,,,,,,,,,,,
,,,,,,,,,,,,,,,,,,,,,,,,,,,,,,,,,,
,,,,,,,,,,,,,,,,,,,,,,,,,,,,,,,,,,
,,,,,,,,,,,,,,,,,,,,,,,,,,,,,,,,,,
,,,,,,,,,,,,,,,,,,,,,,,,,,,,,,,,,,
,,,,,,,,,,,,,,,,,,,,,,,,,,,,,,,,,,
,,,,,,,,,,,,,,,,,,,,,,,,,,,,,,,,,,
,,,,,,,,,,,,,,,,,,,,,,,,,,,,,,,,,,
,,,,,,,,,,,,,,,,,,,,,,,,,,,,,,,,,,
,,,,,,,,,,,,,,,,,,,,,,,,,,,,,,,,,,
,,,,,,,,,,,,,,,,,,,,,,,,,,,,,,,,,,
,,,,,,,,,,,,,,,,,,,,,,,,,,,,,,,,,,
,,,,,,,,,,,,,,,,,,,,,,,,,,,,,,,,,,
,,,,,,,,,,,,,,,,,,,,,,,,,,,,,,,,,,
,,,,,,,,,,,,,,,,,,,,,,,,,,,,,,,,,,
,,,,,,,,,,,,,,,,,,,,,,,,,,,,,,,,,,
,,,,,,,,,,,,,,,,,,,,,,,,,,,,,,,,,,